{"stats":{"minecraft:custom":{"minecraft:jump":40,"minecraft:time_since_rest":3885,"minecraft:minecart_one_cm":871966,"minecraft:crouch_one_cm":921,"minecraft:leave_game":11,"minecraft:play_time":82059,"minecraft:sprint_one_cm":5172,"minecraft:time_since_death":3876,"minecraft:walk_one_cm":30063,"minecraft:deaths":1,"minecraft:sneak_time":359,"minecraft:trigger_trapped_chest":2,"minecraft:total_world_time":82059,"minecraft:fly_one_cm":198445},"minecraft:used":{"minecraft:redstone_torch":2,"minecraft:detector_rail":2,"minecraft:lever":1,"minecraft:trapped_chest":2,"minecraft:cobbled_deepslate":2,"minecraft:stone_button":4,"minecraft:powered_rail":3,"minecraft:minecart":18}},"DataVersion":3953}