{"stats":{"minecraft:used":{"minecraft:redstone_torch":2,"minecraft:minecart":14,"minecraft:detector_rail":2,"minecraft:lever":1,"minecraft:trapped_chest":2,"minecraft:cobbled_deepslate":2,"minecraft:stone_button":4,"minecraft:powered_rail":2},"minecraft:custom":{"minecraft:jump":26,"minecraft:time_since_rest":65637,"minecraft:minecart_one_cm":663868,"minecraft:crouch_one_cm":808,"minecraft:leave_game":8,"minecraft:play_time":65637,"minecraft:sprint_one_cm":3311,"minecraft:time_since_death":65637,"minecraft:walk_one_cm":24463,"minecraft:sneak_time":319,"minecraft:trigger_trapped_chest":2,"minecraft:total_world_time":65637,"minecraft:fly_one_cm":162871}},"DataVersion":3953}