{"stats":{"minecraft:custom":{"minecraft:jump":44,"minecraft:time_since_rest":13338,"minecraft:minecart_one_cm":1112120,"minecraft:crouch_one_cm":966,"minecraft:leave_game":13,"minecraft:play_time":91512,"minecraft:sprint_one_cm":6060,"minecraft:time_since_death":13329,"minecraft:walk_one_cm":31479,"minecraft:deaths":1,"minecraft:sneak_time":411,"minecraft:trigger_trapped_chest":2,"minecraft:total_world_time":91512,"minecraft:fly_one_cm":220422},"minecraft:used":{"minecraft:redstone_torch":2,"minecraft:nether_brick_fence":1,"minecraft:lever":1,"minecraft:trapped_chest":2,"minecraft:cobbled_deepslate":2,"minecraft:stone_button":4,"minecraft:powered_rail":3,"minecraft:minecart":20,"minecraft:detector_rail":2}},"DataVersion":3953}