{"stats":{"minecraft:used":{"minecraft:redstone_torch":2,"minecraft:minecart":3,"minecraft:stone_button":4,"minecraft:lever":1,"minecraft:cobbled_deepslate":2},"minecraft:custom":{"minecraft:jump":12,"minecraft:time_since_rest":16985,"minecraft:minecart_one_cm":193584,"minecraft:crouch_one_cm":268,"minecraft:leave_game":1,"minecraft:sprint_one_cm":1762,"minecraft:play_time":16985,"minecraft:time_since_death":16985,"minecraft:walk_one_cm":8027,"minecraft:sneak_time":214,"minecraft:total_world_time":16985,"minecraft:fly_one_cm":105970}},"DataVersion":3953}