{"stats":{"minecraft:used":{"minecraft:redstone_torch":2,"minecraft:stone_button":4,"minecraft:minecart":8,"minecraft:lever":1,"minecraft:trapped_chest":2,"minecraft:cobbled_deepslate":2,"minecraft:powered_rail":1},"minecraft:custom":{"minecraft:jump":18,"minecraft:time_since_rest":35882,"minecraft:minecart_one_cm":385315,"minecraft:crouch_one_cm":601,"minecraft:leave_game":4,"minecraft:play_time":35882,"minecraft:sprint_one_cm":3311,"minecraft:time_since_death":35882,"minecraft:walk_one_cm":15075,"minecraft:sneak_time":267,"minecraft:trigger_trapped_chest":2,"minecraft:total_world_time":35882,"minecraft:fly_one_cm":125365}},"DataVersion":3953}