{"stats":{"minecraft:custom":{"minecraft:jump":41,"minecraft:time_since_rest":8634,"minecraft:minecart_one_cm":969175,"minecraft:crouch_one_cm":921,"minecraft:leave_game":12,"minecraft:play_time":86808,"minecraft:sprint_one_cm":6060,"minecraft:time_since_death":8625,"minecraft:walk_one_cm":30714,"minecraft:deaths":1,"minecraft:sneak_time":371,"minecraft:trigger_trapped_chest":2,"minecraft:total_world_time":86808,"minecraft:fly_one_cm":207534},"minecraft:used":{"minecraft:redstone_torch":2,"minecraft:detector_rail":2,"minecraft:lever":1,"minecraft:trapped_chest":2,"minecraft:cobbled_deepslate":2,"minecraft:nether_brick_fence":1,"minecraft:stone_button":4,"minecraft:powered_rail":3,"minecraft:minecart":19}},"DataVersion":3953}