{"stats":{"minecraft:used":{"minecraft:redstone_torch":2,"minecraft:trapped_chest":2,"minecraft:stone_button":4,"minecraft:minecart":6,"minecraft:lever":1,"minecraft:cobbled_deepslate":2},"minecraft:custom":{"minecraft:jump":14,"minecraft:time_since_rest":23285,"minecraft:minecart_one_cm":256703,"minecraft:crouch_one_cm":572,"minecraft:leave_game":2,"minecraft:play_time":23285,"minecraft:sprint_one_cm":1762,"minecraft:time_since_death":23285,"minecraft:walk_one_cm":12884,"minecraft:sneak_time":240,"minecraft:trigger_trapped_chest":2,"minecraft:total_world_time":23285,"minecraft:fly_one_cm":114253}},"DataVersion":3953}