{"stats":{"minecraft:used":{"minecraft:redstone_torch":2,"minecraft:minecart":13,"minecraft:detector_rail":2,"minecraft:lever":1,"minecraft:trapped_chest":2,"minecraft:cobbled_deepslate":2,"minecraft:stone_button":4,"minecraft:powered_rail":2},"minecraft:custom":{"minecraft:jump":22,"minecraft:time_since_rest":52312,"minecraft:minecart_one_cm":593287,"minecraft:crouch_one_cm":808,"minecraft:leave_game":7,"minecraft:play_time":52312,"minecraft:sprint_one_cm":3311,"minecraft:time_since_death":52312,"minecraft:walk_one_cm":23653,"minecraft:sneak_time":315,"minecraft:trigger_trapped_chest":2,"minecraft:total_world_time":52312,"minecraft:fly_one_cm":160091}},"DataVersion":3953}