{"stats":{"minecraft:used":{"minecraft:redstone_torch":2,"minecraft:minecart":15,"minecraft:detector_rail":2,"minecraft:lever":1,"minecraft:trapped_chest":2,"minecraft:cobbled_deepslate":2,"minecraft:stone_button":4,"minecraft:powered_rail":2},"minecraft:custom":{"minecraft:jump":39,"minecraft:time_since_rest":74427,"minecraft:minecart_one_cm":726026,"minecraft:crouch_one_cm":921,"minecraft:leave_game":9,"minecraft:play_time":74427,"minecraft:sprint_one_cm":5154,"minecraft:time_since_death":74427,"minecraft:walk_one_cm":27977,"minecraft:sneak_time":353,"minecraft:trigger_trapped_chest":2,"minecraft:total_world_time":74427,"minecraft:fly_one_cm":186708}},"DataVersion":3953}