{"stats":{"minecraft:used":{"minecraft:redstone_torch":2,"minecraft:stone_button":4,"minecraft:minecart":11,"minecraft:lever":1,"minecraft:trapped_chest":2,"minecraft:cobbled_deepslate":2,"minecraft:detector_rail":2,"minecraft:powered_rail":2},"minecraft:custom":{"minecraft:jump":20,"minecraft:time_since_rest":42595,"minecraft:minecart_one_cm":448984,"minecraft:crouch_one_cm":696,"minecraft:leave_game":6,"minecraft:play_time":42595,"minecraft:sprint_one_cm":3311,"minecraft:time_since_death":42595,"minecraft:walk_one_cm":18671,"minecraft:sneak_time":279,"minecraft:trigger_trapped_chest":2,"minecraft:total_world_time":42595,"minecraft:fly_one_cm":130985}},"DataVersion":3953}